{"cameraMode":{"drawMode":0,"name":"Shaded","section":"Shading Mode"},"sceneLighting":true,"audioPlay":false,"sceneViewState":{"showFog":true,"showMaterialUpdate":false,"showSkybox":true,"showFlares":true,"showImageEffects":true,"showParticleSystems":true},"in2DMode":false,"pivot":{"x":-6.669661998748779,"y":3.2145836353302,"z":10.733774185180664},"rotation":{"x":0.42739057540893557,"y":-0.40099483728408816,"z":0.21974767744541169,"w":0.7799047231674194},"size":38.4442253112793,"orthographic":false}